seed,duration,observations,case,success,is_stable,seconds,initial_nll,final_nll,drift_error,offset_error,invalid_evaluations,message,last_invalid_reason,k11,k21,k22,b1,b2
0,100.0,201,Default,True,True,2.818608416011557,134.44473774763523,90.22283738216643,0.10561620933571328,0.13724473935550635,0,Optimization terminated successfully.,,-0.678786238468297,0.3965696116387592,-1.0026295930415472,0.34109534738488706,-0.0760388755252126
1,100.0,201,Default,True,True,1.6725202919915318,113.48403308881306,48.85819368454074,0.6851387145534785,0.4313810206148338,0,Optimization terminated successfully.,,-1.0196388327923613,0.20989695877599834,-1.5320585496199783,0.5904835291434456,0.18704729694412509
2,100.0,201,Default,True,True,2.8603781249839813,149.2210217754015,93.86689736682764,0.21130716913339553,0.16299909734504595,0,Optimization terminated successfully.,,-0.7526806588205995,0.5124248167931718,-1.2042574156329535,0.5629823180747279,-0.20233874545173305
3,100.0,201,Default,True,True,2.7854753339779563,141.75584594062565,96.29832340965902,0.13684236376886302,0.03133744235879765,0,Optimization terminated successfully.,,-0.746032656397124,0.39455043921716565,-0.9259242468983172,0.39796437089331427,-0.16872874310599303
4,100.0,201,Default,True,True,2.8447891250252724,139.50552470187276,97.34423213188687,0.1454088451118357,0.029358906818022733,0,Optimization terminated successfully.,,-0.6984876011704841,0.36791016887729866,-0.9392240063798662,0.4080168450243249,-0.17175684852207002
5,100.0,201,Default,True,True,2.5187675419729203,128.8878845679809,77.09454194961617,0.2623098181994333,0.21954114225698115,0,Optimization terminated successfully.,,-0.9330603771917145,0.6202791795603703,-0.9952861617168537,0.6161579348769274,-0.23839349337116986
6,100.0,201,Default,True,True,2.609396083978936,151.77469072231239,100.03421275374485,0.18414318848788183,0.030640718059036773,0,Optimization terminated successfully.,,-0.7932817703254367,0.6182506513220948,-1.105943421944623,0.39527853853667827,-0.2302747651489446
7,100.0,201,Default,True,True,2.8990784999914467,114.9196877262781,62.55159979225107,0.24808332291402116,0.23196289331337244,0,Optimization terminated successfully.,,-0.9422461627415676,0.5500876035317336,-1.0187979711005282,0.6237053378940896,-0.13865910277798146
8,100.0,201,Default,True,True,2.5316933750291355,152.97339634019673,104.96658066240691,0.134350866381003,0.04814699236010873,0,Optimization terminated successfully.,,-0.6462219060336593,0.6216320839429177,-1.0190711316490808,0.377764172027685,-0.24270481035796765
9,100.0,201,Default,True,True,2.4774537919438444,142.35779409053578,88.8105025909988,0.2712285650255353,0.1596926017774163,0,Optimization terminated successfully.,,-0.5991937893315851,0.6812303209698306,-1.1748102203466901,0.2471385151735987,-0.24620707217632745
0,300.0,601,Default,True,True,8.731737499998417,387.48759563800047,252.89858629596722,0.09020307070319325,0.0703684112297475,0,Optimization terminated successfully.,,-0.7686203036795068,0.4532534226381222,-0.9647493916057112,0.40938185644045183,-0.13025981023305425
1,300.0,601,Default,True,True,8.742563333013095,414.9620371444358,273.7524904530716,0.027521906981247835,0.07387356267538216,0,Optimization terminated successfully.,,-0.7200109286185528,0.48425748460020673,-1.0104494645123525,0.43340712650342095,-0.1341117069492763
2,300.0,601,Default,True,True,8.775351041054819,432.99595309994817,287.5734897557092,0.09294961311251292,0.13271134072073953,0,Optimization terminated successfully.,,-0.7778257108894198,0.4763806536082684,-1.044999064194155,0.5253272303164617,-0.15634928068060278
3,300.0,601,Default,True,True,7.791586292034481,422.01289950744456,274.1163222649454,0.13004698784666693,0.05582802224471847,0,Optimization terminated successfully.,,-0.7473800954934183,0.5730465443698323,-1.0965999376534572,0.4006439197010521,-0.2558243086403708
4,300.0,601,Default,True,True,9.17544658301631,433.7137498493826,311.3764692702737,0.12616945613765704,0.07527617276589736,0,Optimization terminated successfully.,,-0.6441543376859706,0.40480522711461314,-0.938861232609095,0.3584136577917986,-0.13725385806263787
5,300.0,601,Default,True,True,8.317873374966439,403.41009123008155,253.95379447708547,0.1958851354135249,0.10275169964027525,0,Optimization terminated successfully.,,-0.753668542908939,0.6729571806723609,-1.074675882531609,0.40431644740237266,-0.302660995810424
6,300.0,601,Default,True,True,9.986180417006835,420.8539580998128,272.0593558182675,0.22496526724852312,0.057945503071024695,0,Optimization terminated successfully.,,-0.6645181552331937,0.6363730644578215,-1.1753647554399873,0.3650600886002076,-0.2462264417571674
7,300.0,601,Default,True,True,8.541457124985754,363.36423851236214,221.79606406301298,0.13715430056738603,0.15294003780448753,0,Optimization terminated successfully.,,-0.7241170848048273,0.5890920757827455,-1.1014508275834514,0.54903516509445,-0.23433911368844723
8,300.0,601,Default,True,True,8.01441075000912,414.56010572803467,283.1108154707659,0.06105407465680699,0.04790230894753646,0,Optimization terminated successfully.,,-0.6399283059518132,0.5004982882046584,-0.9891030593630552,0.3749497399684991,-0.15916967211912916
9,300.0,601,Default,True,True,8.804447999980766,430.5107988700756,282.9330459239496,0.1873970169795503,0.06363361727087533,0,Optimization terminated successfully.,,-0.6296335722659531,0.5801371078711928,-1.1540916992015593,0.3684902416593635,-0.2552844677670947
